[
    {
        "id": "17349367667395",
        "user_id": "1",
        "message": "semangat",
        "created_at": "2024-12-23 13:52:46",
        "is_read": true
    },
    {
        "id": "17349367717153",
        "user_id": "1",
        "message": "semangat",
        "created_at": "2024-12-23 13:52:51",
        "is_read": true
    },
    {
        "id": "17349368174580",
        "user_id": "1",
        "message": "asd",
        "created_at": "2024-12-23 13:53:37",
        "is_read": true
    },
    {
        "id": "17349368265243",
        "user_id": "1",
        "message": "asd",
        "created_at": "2024-12-23 13:53:46",
        "is_read": true
    },
    {
        "id": "17349369944141",
        "user_id": "1",
        "message": "asd",
        "created_at": "2024-12-23 13:56:34",
        "is_read": true
    },
    {
        "id": 6,
        "user_id": "1",
        "message": "123",
        "is_delivered": true,
        "is_read": true,
        "created_at": "2024-12-23 14:01:51"
    },
    {
        "id": 7,
        "user_id": "1",
        "message": "tes",
        "is_delivered": true,
        "is_read": true,
        "created_at": "2024-12-23 14:03:22"
    },
    {
        "id": 8,
        "user_id": "1",
        "message": "dasasda",
        "is_delivered": true,
        "is_read": true,
        "created_at": "2024-12-23 14:04:10"
    },
    {
        "id": 9,
        "user_id": "1",
        "message": "semangat",
        "is_delivered": true,
        "is_read": true,
        "created_at": "2024-12-23 14:07:57"
    },
    {
        "id": 10,
        "user_id": "2",
        "message": "asdadsadsasd",
        "is_delivered": true,
        "is_read": true,
        "created_at": "2024-12-23 14:08:24"
    },
    {
        "id": 11,
        "user_id": "1",
        "message": "asdasddasd",
        "is_delivered": true,
        "is_read": true,
        "created_at": "2024-12-23 14:08:28"
    },
    {
        "id": 12,
        "user_id": "1",
        "message": "asdadsa",
        "is_delivered": true,
        "is_read": true,
        "created_at": "2024-12-23 14:08:35"
    },
    {
        "id": 13,
        "user_id": "1",
        "message": "adsaasda",
        "is_delivered": true,
        "is_read": true,
        "created_at": "2024-12-23 14:08:36"
    },
    {
        "id": 14,
        "user_id": "1",
        "message": "asdads",
        "is_delivered": true,
        "is_read": true,
        "created_at": "2024-12-23 14:08:47"
    },
    {
        "id": 15,
        "user_id": "1",
        "message": "asdasd",
        "is_delivered": true,
        "is_read": true,
        "created_at": "2024-12-23 14:08:48"
    }
]